people,pr_num,review_num,avg_review_comment_length,avg_review_response_time,approve_rate
RMJ10,1,1,0.0,3676.35,1.0
SpaceIm,1,1,0.0,3982.35,1.0
Tieske,1,1,0.0,1164.0166666666667,1.0
Upndup,1,1,0.0,495674.6666666667,1.0
dfaure-kdab,1,1,0.0,1114.0833333333333,1.0
dg0yt,1,1,0.0,5631.6,1.0
hartwork,4,12,86.21052631578948,39.81250000000001,0.25
neheb,1,1,0.0,3.183333333333333,1.0
rffontenelle,1,1,0.0,159.9,1.0
timbray,1,2,3.5,12.633333333333333,0.5
