people,pr_num,merge_rate,avg_assign_reviewer_num,avg_response_time,avg_response_interval,review_rate
hartwork,41,0.975609756097561,0.2926829268292683,2430.976016260163,3097.3929166666667,0.24390243902439024
