people,pr_num,review_num,avg_review_comment_length,avg_review_response_time,approve_rate
Etsukata,4,5,3.5,461.68333333333334,0.8
nchevsky,1,2,19.0,329.7,0.5
pksnx,1,2,10.5,7278.666666666667,0.5
rosslagerwall,1,1,0.0,38.166666666666664,1.0
stefanberger,9,22,16.93877551020408,573.8074074074074,0.045454545454545456
